GlobalId,Name
2DedXznHnDaeAWsrTB_qBp,Basic Wall:Yttervägg Paroc:1298028
2DedXznHnDaeAWsrTB_qBo,Basic Wall:Yttervägg Paroc:1298029
2DedXznHnDaeAWsrTB_qBn,Basic Wall:Yttervägg Paroc:1298030
2DedXznHnDaeAWsrTB_qBm,Basic Wall:Yttervägg Paroc:1298031
2DedXznHnDaeAWsrTB_qBj,Basic Wall:Innervägg 170mm Paroc:1298034
2DedXznHnDaeAWsrTB_qBh,Basic Wall:Innervägg 170mm Paroc:1298036
2DedXznHnDaeAWsrTB_qBg,Basic Wall:Innervägg 170mm Paroc:1298037
2DedXznHnDaeAWsrTB_qBf,Basic Wall:Innervägg 170mm Paroc:1298038
2DedXznHnDaeAWsrTB_qBe,Basic Wall:Innervägg 170mm Paroc:1298039
2DedXznHnDaeAWsrTB_qBd,Basic Wall:Innervägg 170mm Paroc:1298040
2DedXznHnDaeAWsrTB_qBc,Basic Wall:Innervägg 170mm Paroc:1298041
2DedXznHnDaeAWsrTB_q9K,Basic Wall:Innervägg 170mm Paroc:1298123
2DedXznHnDaeAWsrTB_rm$,Basic Wall:Innervägg 170mm Paroc:1298592
